{
  "model/formatter.js": 1666763191484,
  "model/models.js": 1666763191484,
  "utils/locate-reuse-libs.js": 1666763191485,
  "manifest.json": 1667391214766,
  "i18n/i18n.properties": 1666763191483,
  "controller/Worklist.controller.js": 1666763191483,
  "controller/Object.controller.js": 1666763191483,
  "controller/NotFound.controller.js": 1666763191483,
  "controller/ErrorHandler.js": 1666763191483,
  "controller/BaseController.js": 1666763191482,
  "controller/App.controller.js": 1666763191482,
  "Component.js": 1666763191482,
  "manifest-bundle.zip": 1667391214779,
  "Component-preload.js": 1667391215022,
  "model/models-dbg.js": 1666763191484,
  "utils/locate-reuse-libs-dbg.js": 1666763191485,
  "model/formatter-dbg.js": 1666763191484,
  "controller/Worklist-dbg.controller.js": 1666763191483,
  "controller/Object-dbg.controller.js": 1666763191483,
  "controller/NotFound-dbg.controller.js": 1666763191483,
  "controller/ErrorHandler-dbg.js": 1666763191483,
  "controller/BaseController-dbg.js": 1666763191482,
  "controller/App-dbg.controller.js": 1666763191482,
  "Component-dbg.js": 1666763191482,
  "view/Worklist.view.xml": 1666763191486,
  "view/ObjectNotFound.view.xml": 1666763191486,
  "view/Object.view.xml": 1666763191486,
  "view/NotFound.view.xml": 1666763191485,
  "view/App.view.xml": 1666763191485,
  "index.html": 1666763191484
}