{
  "controller/BaseController.js": 1665323503559,
  "controller/App.controller.js": 1665323503559,
  "utils/locate-reuse-libs.js": 1665323503563,
  "model/models.js": 1665323503563,
  "model/formatter.js": 1665323503559,
  "controller/Worklist.controller.js": 1665323503559,
  "controller/Object.controller.js": 1665323503559,
  "controller/NotFound.controller.js": 1665323503559,
  "controller/ErrorHandler.js": 1665323503559,
  "i18n/i18n.properties": 1665323503559,
  "manifest.json": 1665849066711,
  "Component.js": 1665323503559,
  "manifest-bundle.zip": 1665849066720,
  "Component-preload.js": 1665849066975,
  "controller/ErrorHandler-dbg.js": 1665323503559,
  "model/models-dbg.js": 1665323503563,
  "model/formatter-dbg.js": 1665323503559,
  "controller/Worklist-dbg.controller.js": 1665323503559,
  "controller/Object-dbg.controller.js": 1665323503559,
  "controller/NotFound-dbg.controller.js": 1665323503559,
  "utils/locate-reuse-libs-dbg.js": 1665323503563,
  "controller/BaseController-dbg.js": 1665323503559,
  "controller/App-dbg.controller.js": 1665323503559,
  "Component-dbg.js": 1665323503559,
  "view/Worklist.view.xml": 1665323503563,
  "view/ObjectNotFound.view.xml": 1665323503563,
  "view/Object.view.xml": 1665323503563,
  "view/NotFound.view.xml": 1665323503563,
  "view/App.view.xml": 1665323503563,
  "index.html": 1665323503559
}