{
  "model/models-dbg.js": 1662218709339,
  "controller/Worklist.controller.js": 1662218709351,
  "utils/locate-reuse-libs.js": 1662218709339,
  "model/models.js": 1662218709339,
  "model/formatter.js": 1662218709351,
  "manifest.json": 1662663430142,
  "controller/Object.controller.js": 1662218709347,
  "controller/NotFound.controller.js": 1662218709347,
  "controller/ErrorHandler.js": 1662218709347,
  "controller/BaseController.js": 1662218709343,
  "controller/App.controller.js": 1662218709343,
  "Component.js": 1662218709331,
  "manifest-bundle.zip": 1662663430150,
  "Component-preload.js": 1662663430376,
  "controller/Object-dbg.controller.js": 1662218709347,
  "i18n/i18n.properties": 1662218734379,
  "model/formatter-dbg.js": 1662218709351,
  "controller/Worklist-dbg.controller.js": 1662218709351,
  "utils/locate-reuse-libs-dbg.js": 1662218709339,
  "controller/NotFound-dbg.controller.js": 1662218709347,
  "controller/ErrorHandler-dbg.js": 1662218709347,
  "controller/BaseController-dbg.js": 1662218709343,
  "controller/App-dbg.controller.js": 1662218709343,
  "Component-dbg.js": 1662218709331,
  "view/Worklist.view.xml": 1662218709359,
  "view/ObjectNotFound.view.xml": 1662218709355,
  "view/Object.view.xml": 1662218709355,
  "view/NotFound.view.xml": 1662218709355,
  "view/App.view.xml": 1662218709355,
  "index.html": 1662218709335
}